time,pos_x,pos_y,pos_z,q,p1,p2,p3
1589541105.023136,-0.0,18.536743691301726,58.0,0.63604736328125,-0.15789794921875,-0.15411376953125,0.73944091796875
1589541105.033136,-0.0,18.536743691301726,58.0,0.63604736328125,-0.15789794921875,-0.15411376953125,0.73944091796875
1589541105.043136,-0.0,18.536743691301726,58.0,0.63604736328125,-0.15789794921875,-0.15411376953125,0.73944091796875
1589541105.0531359,-0.0,18.536743691301726,58.0,0.63604736328125,-0.15789794921875,-0.15411376953125,0.73944091796875
1589541105.0631359,-0.0,18.536743691301726,58.0,0.63604736328125,-0.15789794921875,-0.15411376953125,0.73944091796875
1589541105.0731359,-0.0,18.536743691301726,58.0,0.63604736328125,-0.15789794921875,-0.15411376953125,0.73944091796875
1589541105.0831358,-0.0,18.536743691301726,58.0,0.63604736328125,-0.15789794921875,-0.15411376953125,0.73944091796875
1589541105.0931358,-0.0,18.536743691301726,58.0,0.63604736328125,-0.15789794921875,-0.15411376953125,0.73944091796875
1589541105.1031358,-0.0,18.536743691301726,58.0,0.63604736328125,-0.15789794921875,-0.15411376953125,0.73944091796875
1589541105.1131358,-0.0,18.536743691301726,58.0,0.63604736328125,-0.15789794921875,-0.15411376953125,0.73944091796875
1589541105.1231358,-0.0,18.536743691301726,58.0,0.63604736328125,-0.15789794921875,-0.15411376953125,0.73944091796875
1589541105.1331358,-0.0,18.536743691301726,58.0,0.63604736328125,-0.15789794921875,-0.15411376953125,0.73944091796875
1589541105.1431358,-0.0,18.536743691301726,58.0,0.63604736328125,-0.15789794921875,-0.15411376953125,0.73944091796875
1589541105.1531358,-0.0,18.536743691301726,58.0,0.63604736328125,-0.15789794921875,-0.15411376953125,0.73944091796875
1589541105.1631358,-0.0,18.536743691301726,58.0,0.63604736328125,-0.15789794921875,-0.15411376953125,0.73944091796875
1589541105.1731358,-0.0,18.536743691301726,58.0,0.63604736328125,-0.15789794921875,-0.15411376953125,0.73944091796875
1589541105.1831357,-0.0,18.536743691301726,58.0,0.63604736328125,-0.15789794921875,-0.15411376953125,0.73944091796875
1589541105.1931357,-0.0,18.536743691301726,58.0,0.63604736328125,-0.15789794921875,-0.15411376953125,0.73944091796875
1589541105.2031357,-0.0,18.536743691301726,58.0,0.63604736328125,-0.15789794921875,-0.15411376953125,0.73944091796875
1589541105.2131357,-0.0,18.536743691301726,58.0,0.63604736328125,-0.15789794921875,-0.15411376953125,0.73944091796875
1589541105.2231357,-0.0,18.536743691301726,58.0,0.63604736328125,-0.15789794921875,-0.15411376953125,0.73944091796875
1589541105.2331357,-0.0,18.536743691301726,58.0,0.63604736328125,-0.15789794921875,-0.15411376953125,0.73944091796875
1589541105.2431357,-0.0,18.536743691301726,58.0,0.63604736328125,-0.15789794921875,-0.15411376953125,0.73944091796875
1589541105.2531357,-0.0,18.536743691301726,58.0,0.63604736328125,-0.15789794921875,-0.15411376953125,0.73944091796875
1589541105.2631357,-0.0,18.536743691301726,58.0,0.63604736328125,-0.15789794921875,-0.15411376953125,0.73944091796875
1589541105.2731357,-0.0,18.536743691301726,58.0,0.63604736328125,-0.15789794921875,-0.15411376953125,0.73944091796875
1589541105.2831357,-0.0,18.536743691301726,58.0,0.63604736328125,-0.15789794921875,-0.15411376953125,0.73944091796875
1589541105.2931356,-0.0,18.536743691301726,58.0,0.63604736328125,-0.15790247431472287,-0.15410924443527713,0.7394363928727771
1589541105.3031356,-0.0,18.536743691301726,58.0,0.63604736328125,-0.15795668628284354,-0.15405503246715646,0.7393821809046565
1589541105.3131356,-0.0,18.536743691301726,58.0,0.63604736328125,-0.157958984375,-0.154052734375,0.7393798828125
1589541105.3231356,-0.0,18.536743691301726,58.0,0.63604736328125,-0.157958984375,-0.154052734375,0.7393798828125
1589541105.3331356,-0.0,18.536743691301726,58.0,0.63604736328125,-0.157958984375,-0.154052734375,0.7393798828125
1589541105.3431356,-0.0,18.536743691301726,58.0,0.63604736328125,-0.157958984375,-0.154052734375,0.7393798828125
1589541105.3531356,-0.0,18.536743691301726,58.0,0.63604736328125,-0.157958984375,-0.154052734375,0.7393798828125
1589541105.3631356,-0.0,18.536743691301726,58.0,0.63604736328125,-0.157958984375,-0.154052734375,0.7393798828125
1589541105.3731356,-0.0,18.536743691301726,58.0,0.63604736328125,-0.157958984375,-0.154052734375,0.7393798828125
1589541105.3831356,-0.0,18.536743691301726,58.0,0.63604736328125,-0.157958984375,-0.154052734375,0.7393798828125
1589541105.3931355,-0.0,18.536743691301726,58.0,0.63604736328125,-0.157958984375,-0.154052734375,0.7393798828125
1589541105.4031355,-0.0,18.536743691301726,58.0,0.63604736328125,-0.157958984375,-0.154052734375,0.7393798828125
1589541105.4131355,-0.0,18.536743691301726,58.0,0.63604736328125,-0.157958984375,-0.154052734375,0.7393798828125
1589541105.4231355,-0.0,18.536743691301726,58.0,0.63604736328125,-0.157958984375,-0.154052734375,0.7393798828125
1589541105.4331355,-0.0,18.536743691301726,58.0,0.63604736328125,-0.157958984375,-0.154052734375,0.7393798828125
1589541105.4431355,-0.0,18.536743691301726,58.0,0.63604736328125,-0.157958984375,-0.154052734375,0.7393798828125
1589541105.4531355,-0.0,18.536743691301726,58.0,0.63604736328125,-0.157958984375,-0.154052734375,0.7393798828125
1589541105.4631355,-0.0,18.536743691301726,58.0,0.63604736328125,-0.157958984375,-0.154052734375,0.7393798828125
1589541105.4731355,-0.0,18.536743691301726,58.0,0.63604736328125,-0.157958984375,-0.154052734375,0.7393798828125
1589541105.4831355,-0.0,18.536743691301726,58.0,0.63604736328125,-0.157958984375,-0.154052734375,0.7393798828125
1589541105.4931355,-0.0,18.536743691301726,58.0,0.63604736328125,-0.157958984375,-0.154052734375,0.7393798828125
1589541105.5031354,-0.0,18.536743691301726,58.0,0.63604736328125,-0.157958984375,-0.154052734375,0.7393798828125
1589541105.5131354,-0.0,18.536743691301726,58.0,0.63604736328125,-0.157958984375,-0.154052734375,0.7393798828125
1589541105.5231354,-0.0,18.536743691301726,58.0,0.63604736328125,-0.157958984375,-0.154052734375,0.7393798828125
1589541105.5331354,-0.0,18.536743691301726,58.0,0.63604736328125,-0.157958984375,-0.154052734375,0.7393798828125
1589541105.5431354,-0.0,18.536743691301726,58.0,0.63604736328125,-0.157958984375,-0.154052734375,0.7393798828125
1589541105.5531354,-0.0,18.536743691301726,58.0,0.63604736328125,-0.157958984375,-0.154052734375,0.7393798828125
1589541105.5631354,-0.0,18.536743691301726,58.0,0.63604736328125,-0.157958984375,-0.154052734375,0.7393798828125
1589541105.5731354,-0.0,18.536743691301726,58.0,0.636041758847356,-0.157958984375,-0.154052734375,0.739446522402644
1589541105.5831354,-0.0,18.536743691301726,58.0,0.6359982843197414,-0.157958984375,-0.154052734375,0.7394899969302586
1589541105.5931354,-0.0,18.536743691301726,58.0,0.6359306120843152,-0.157958984375,-0.154052734375,0.7395576691656848
1589541105.6031353,-0.0,18.536743691301726,58.0,0.635781653327065,-0.15803080419584248,-0.154052734375,0.7396348081020925
1589541105.6131353,-0.0,18.536743691301726,58.0,0.6356665225129314,-0.1580810546875,-0.1540454194595907,0.739707003339978
1589541105.6231353,-0.0,18.536743691301726,58.0,0.6355749239170178,-0.1580810546875,-0.15399962016163388,0.7398444012338483
1589541105.6331353,-0.0,18.536743691301726,58.0,0.6352841066859483,-0.15814208984375,-0.1539512205427012,0.7400718260114512
1589541105.6431353,-0.0,18.536743691301726,58.0,0.6351469737548043,-0.15814208984375,-0.1540426424967971,0.7401632479655471
1589541105.6531353,-0.0,18.536743691301726,58.0,0.63507080078125,-0.1581498865071231,-0.1541215661946231,0.7402265783366269
1589541105.6631353,-0.0,18.536743691301726,58.0,0.63507080078125,-0.15819627167759953,-0.15416795136509953,0.7401801931661505
1589541105.6731353,-0.0,18.536743691301726,58.0,0.6349898799012189,-0.15828404588003106,-0.15423583984375,0.7402443178618905
1589541105.6831353,-0.0,18.536743691301726,58.0,0.6348747622640729,-0.15839269699296354,-0.15422937331953646,0.7403083432046771
1589541105.6931353,-0.0,18.536743691301726,58.0,0.6347689181957458,-0.1584456190271271,-0.1541764512853729,0.7404141872730042
1589541105.7031353,-0.0,18.536743691301726,58.0,0.6345272034874185,-0.15859031853254887,-0.15422248899001628,0.7405605333762989
1589541105.7131352,-0.0,18.536743691301726,58.0,0.6338878816812197,-0.15880214135500909,-0.15435035335125608,0.7410586399675243
1589541105.7231352,-0.0,18.536743691301726,58.0,0.6326966344524272,-0.15906675558605382,-0.1544189453125,0.741989051367769
1589541105.7331352,-0.0,18.536743691301726,58.0,0.6311457207862367,-0.159330766699341,-0.15441480118580844,0.7432759539206724
1589541105.7431352,-0.0,18.536743691301726,58.0,0.6294435947499377,-0.15968120441269665,-0.15436473865532904,0.7446276422436157
1589541105.7531352,-0.0,18.536743691301726,58.0,0.6262833438491829,-0.16056344758783048,-0.1540309934466226,0.7471824019868027
1589541105.7631352,-0.0,18.536743691301726,58.0,0.6233682047752318,-0.16134159465202713,-0.15391782572086143,0.7494747024508556
1589541105.7731352,-0.0,18.536743691301726,58.0,0.6204320196148817,-0.16205339711514233,-0.15356192448930384,0.7518325481099246
1589541105.7831352,-0.0,18.536743691301726,58.0,0.6145652745911189,-0.1635119006800618,-0.15273400661025938,0.756474413856087
1589541105.7931352,-0.0,18.536743691301726,58.0,0.6103066282688927,-0.16456403683025886,-0.15208268423156596,0.7597811274709921
1589541105.8031352,-0.0,18.536743691301726,58.0,0.6043267998471393,-0.16637361228928313,-0.15064298927321687,0.7644725993170508
1589541105.8131351,-0.0,18.536743691301726,58.0,0.5992622902422601,-0.1671803483325382,-0.1498362532299618,0.7684166421951868
1589541105.8231351,-0.0,18.536743691301726,58.0,0.5900431581512507,-0.1685964507773896,-0.14822920687924646,0.775546244667812
1589541105.8331351,-0.0,18.536743691301726,58.0,0.5816415894762448,-0.16983119886544348,-0.1468626213283411,0.7818386183803337
1589541105.843135,-0.0,18.536743691301726,58.0,0.5751051937097725,-0.170784423248054,-0.1457278303966619,0.7866501319306536
1589541105.853135,-0.0,18.536743691301726,58.0,0.5678690957604878,-0.17192397875224671,-0.144307618332765,0.791887775431257
1589541105.863135,-0.0,18.536743691301726,58.0,0.556336315280636,-0.1736196949934339,-0.1422640376640099,0.800050975514343
1589541105.873135,-0.0,18.536743691301726,58.0,0.5467238742988805,-0.17489950193517145,-0.14057996096143807,0.8067129323836362
1589541105.883135,-0.0,18.536743691301726,58.0,0.5350158513155493,-0.17642441018711882,-0.1385358015177402,0.8145138665667679
1589541105.893135,-0.0,18.536743691301726,58.0,0.527979266375247,-0.17730398330465663,-0.13726042049731038,0.8190876467779645
1589541105.903135,-0.0,18.536743691301726,58.0,0.5154559023192834,-0.1788743393459286,-0.13510305007573678,0.8270606948269119
1589541105.913135,-0.0,18.536743691301726,58.0,0.5061843170036339,-0.17999726121834625,-0.13344456096752927,0.8328136193048002
1589541105.923135,-0.0,18.536743691301726,58.0,0.497735844656945,-0.18093598036797834,-0.13200887285632726,0.8378937464675151
1589541105.933135,-0.0,18.536743691301726,58.0,0.4880075777192465,-0.181977236110796,-0.13026198103091494,0.8436630360227301
1589541105.943135,-0.0,18.536743691301726,58.0,0.48271788349268246,-0.18258483612330675,-0.12933271042354558,0.8467010360852837
1589541105.953135,-0.0,18.536743691301726,58.0,0.4743782236779133,-0.18354395362565387,-0.1278472770497596,0.8514265541985001
1589541105.963135,-0.0,18.536743691301726,58.0,0.46589378754559585,-0.1843928829473359,-0.12629534477117516,0.8561242755710715
1589541105.973135,-0.0,18.536743691301726,58.0,0.45652805732795165,-0.1853639747667694,-0.1246160279334695,0.8612332094698443
1589541105.983135,-0.0,18.536743691301726,58.0,0.4484390251078709,-0.18622054398330912,-0.12320583164240147,0.8654899269477956
1589541105.993135,-0.0,18.536743691301726,58.0,0.4431283809997209,-0.18679129247490756,-0.12222355412004605,0.8682040342421766
1589541106.003135,-0.0,18.536743691301726,58.0,0.43876598203705325,-0.18741051684690094,-0.12111218172722557,0.870462428359744
1589541106.013135,-0.0,18.536743691301726,58.0,0.4324224994719411,-0.18807406315160616,-0.11981365468614522,0.8736325002640294
1589541106.023135,-0.0,18.536743691301726,58.0,0.42919387369355466,-0.1883262995405426,-0.11920828735269776,0.8752468131532226
1589541106.033135,-0.0,18.536743691301726,58.0,0.4262401658914018,-0.1863378373599792,-0.11764253855669883,0.8773862822119131
1589541106.043135,-0.0,18.536743691301726,58.0,0.4245913339325641,-0.1846791965803969,-0.11649835198548644,0.878645746937598
1589541106.053135,-0.0,18.536743691301726,58.0,0.42465900164813936,-0.182378026327683,-0.11454804992320106,0.8793733317152138
1589541106.063135,-0.0,18.536743691301726,58.0,0.4237367927842438,-0.18243227390791214,-0.11438530718251362,0.879807312357047
1589541106.073135,-0.0,18.536743691301726,58.0,0.42330707058286143,-0.18243408203125,-0.11432288508326592,0.8800497682606864
1589541106.083135,-0.2802387660006921,18.524282442903832,57.87243936156843,0.42327880859375,-0.18249028397298703,-0.11420644377277595,0.88006591796875
1589541106.0931349,-0.5769359992109485,18.511089343409555,57.73738706659405,0.42375263544155556,-0.18138952120928697,-0.11372295049594441,0.8801054035394005
1589541106.1031349,-0.8900916996307696,18.497164392818895,57.59484311507687,0.4261755433268782,-0.1798338351549236,-0.11277177535414898,0.8793478004960739
1589541106.1131349,-1.2197058672601548,18.48250759113185,57.44480750701688,0.4276942936222574,-0.1793732143371103,-0.11262808304452943,0.8787477401609411
1589541106.1231349,-1.5657785020991049,18.467118938348417,57.287280242414084,0.42874438003159626,-0.17925653806940597,-0.11282906008339104,0.8782486595935769
1589541106.1331348,-1.928309604147619,18.4509984344686,57.12226132126848,0.43007016799192826,-0.17914522447762146,-0.11307702187963566,0.8776127627496001
1589541106.1431348,-2.3072991734056982,18.434146079492404,56.949750743580076,0.43073692155545845,-0.17905185431598716,-0.11322763844789425,0.8772613240903301
1589541106.1531348,-2.7027472098733414,18.41656187341982,56.76974850934886,0.43299636619960724,-0.17919710684538903,-0.11295546158454974,0.8761588652223992
1589541106.1631348,-3.114653713550549,18.398245816250853,56.58225461857484,0.4339412715432136,-0.1793708374500596,-0.1126823852061904,0.8756864748002384
1589541106.1731348,-3.5430186844373215,18.379197907985503,56.38726907125801,0.4329037061858128,-0.1794212485703828,-0.1125152010309688,0.8761995140945936
1589541106.1831348,-3.987842122533657,18.359418148623767,56.184791867398374,0.43058810391268887,-0.17965971609770437,-0.11210222272844343,0.8773843598214937
1589541106.1931348,-4.4491240278395585,18.33890653816565,55.97482300699593,0.42853269552704293,-0.17983167298881897,-0.11177220089736203,0.8783674793391639
1589541106.2031348,-4.926864400355024,18.317663076611144,55.75736249005069,0.4256591796875,-0.1800537109375,-0.111328125,0.8797607421875
1589541106.2131348,-5.421063240080055,18.295687763960256,55.53241031656263,0.4256591796875,-0.1800537109375,-0.111328125,0.8797607421875
1589541106.2231348,-5.93172054701465,18.272980600212982,55.29996648653177,0.422152009853553,-0.18027056962389046,-0.11076586603568817,0.8814669329175283
1589541106.2331347,-6.458836321158807,18.249541585369325,55.06003099995811,0.41988653444001994,-0.18043741197194224,-0.11041250756472609,0.8825511395526295
1589541106.2431347,-7.002410562512531,18.225370719429286,54.81260385684163,0.41816028573895025,-0.18058560478533608,-0.11012046069290976,0.8833663125503568
1589541106.2531347,-7.562443271075818,18.20046800239286,54.557685057182354,0.41642190668498397,-0.18048412308481876,-0.1097668694179664,0.8842581273939766
1589541106.2631347,-8.138934446848669,18.17483343426005,54.29527460098027,0.4142503160460094,-0.17935885618811714,-0.10876465496485879,0.8856764482938494
1589541106.2731347,-8.731884089831087,18.148467015030857,54.02537248823538,0.412628897869605,-0.17863964489194828,-0.10810058271427116,0.8866337942196661
1589541106.2831347,-9.34129220002307,18.12136874470528,53.74797871894768,0.410557533020881,-0.17750257780211667,-0.10724234493752144,0.8879410703333024
1589541106.2931347,-9.967158777424615,18.09353862328332,53.46309329311717,0.40965244516439064,-0.17676470377788858,-0.10690807416938022,0.8885398086924896
1589541106.3031347,-10.609483822035726,18.064976650764972,53.17071621074386,0.4090398978912942,-0.17613206860164313,-0.10657669065389577,0.8889970970378047
1589541106.3131347,-11.268267333856398,18.035682827150243,52.87084747182774,0.40857254145056515,-0.1753041880457281,-0.10608551258863033,0.8894308075617935
1589541106.3231347,-11.943509312886638,18.005657152439127,52.563487076368816,0.40847882374743477,-0.17436079269729393,-0.10580340281506524,0.8896820767110543
1589541106.3331347,-12.635209759126441,17.97489962663163,52.24863502436708,0.40874387044182925,-0.1733394976148984,-0.10557761773076728,0.8897705078125
1589541106.3431346,-13.343368672575806,17.943410249727748,51.926291315822546,0.4091749994003807,-0.1730680554889312,-0.10550213752018119,0.8896369577317752
1589541106.3531346,-14.067986053234742,17.91118902172748,51.596455950735205,0.409876144846844,-0.17321906223095745,-0.10557090485823582,0.8892796489755851
1589541106.3631346,-14.809061901103238,17.878235942630827,51.25912892910505,0.41074261161923925,-0.1732356488087174,-0.10580661923766309,0.8888580377547717
1589541106.3731346,-15.566596216181301,17.84455101243779,50.91431025093209,0.41179456578778273,-0.17330998797870972,-0.10594210336435486,0.8883640519914111
1589541106.3831346,-16.340588998468927,17.81013423114837,50.56199991621633,0.4129621514730969,-0.1732484625870653,-0.1062768653202714,0.8877877230915766
1589541106.3931346,-17.131040247966116,17.77498559876257,50.20219792495776,0.4141548938650484,-0.17309697558800477,-0.10678693684206746,0.8871913518956008
1589541106.4031346,-17.937949964672868,17.73910511528038,49.83490427715638,0.4156447125473264,-0.1730795764966229,-0.10694972037837712,0.8864688968183982
1589541106.4131346,-18.761318148589194,17.702492780701807,49.4601189728122,0.41711588095522556,-0.1730478659095554,-0.10726845425811211,0.8857652945363595
1589541106.4231346,-19.601144799715073,17.66514859502685,49.077842011925206,0.41833332092065684,-0.17315387066356394,-0.10759924523337787,0.8851433064082442
1589541106.4331346,-20.457429918050522,17.62707255825551,48.68807339449541,0.41986601330728834,-0.17340736818655242,-0.10772705078125,0.8843189110653428
1589541106.4431345,-21.33017350359553,17.588264670387787,48.29081312052281,0.4209696134376177,-0.1735384471875112,-0.10784185046876682,0.8837726078124439
1589541106.4531345,-22.219375556350112,17.548724931423674,47.886061190007396,0.4219719785407498,-0.17330939051883343,-0.10805993471699996,0.8833202541745001
1589541106.4631345,-23.125036076314252,17.508453341363182,47.47381760294918,0.42325518230495773,-0.17291259765625,-0.10840778971686443,0.8827327604100211
1589541106.4731345,-24.047155063487956,17.467449900206304,47.054082359348165,0.4244660915883902,-0.17291259765625,-0.10866752568139837,0.8821273057683049
1589541106.4831345,-24.985732517871227,17.425714607953044,46.626855459204336,0.42548790009138704,-0.1728851556583508,-0.10890185842699596,0.8816164015168064
1589541106.4931345,-25.940768439464062,17.383247464603397,46.1921369025177,0.4265653124137889,-0.1728515625,-0.1091469559028627,0.8810776953556055
1589541106.5031345,-26.91226282826646,17.340048470157367,45.74992668928826,0.4274521679261002,-0.1727561816477333,-0.10933496580965005,0.88063426759945
1589541106.5131345,-27.900215684278425,17.29611762461495,45.30022481951601,0.4280703353923045,-0.1727294921875,-0.10951240921144134,0.8802793807958673
1589541106.5231345,-28.90462700749995,17.25145492797615,44.84303129320095,0.4286270851312682,-0.17277442872986312,-0.10955810546875,0.8800082421117975
1589541106.5331345,-29.925496797931046,17.20606038024097,44.378346110343095,0.42909208864389486,-0.17275051284529439,-0.10967814896411683,0.8797837896624275
1589541106.5431345,-30.9628250555717,17.159933981409402,43.90616927094243,0.4293701866756136,-0.17269284793104547,-0.10966792242459093,0.8796630627747954
1589541106.5531344,-32.01661178042192,17.11307573148145,43.426500774998956,0.429443359375,-0.17270879483078588,-0.10957880282546412,0.879638671875
1589541106.5631344,-33.08685697248171,17.065485630457115,42.939340622512674,0.4293515683142204,-0.1726835966571102,-0.10960400099913979,0.8796845674053898
1589541106.5731344,-34.17356063175106,17.017163678336395,42.44468881348358,0.4291967984523407,-0.17266845703125,-0.10970213436510619,0.8797412039013031
1589541106.5831344,-35.27672275822998,16.968109875119293,41.94254534791169,0.42900612550060124,-0.17249237957371835,-0.1096971915731171,0.8798928002806488
1589541106.5931344,-36.39634335191845,16.918324220805804,41.43291022579699,0.4287575107115887,-0.17238480292356773,-0.10971968926393226,0.8800228746216145
1589541106.6031344,-37.532422412816494,16.867806715395933,40.91578344713949,0.4283675823939593,-0.17241033457496513,-0.10969415761253488,0.8802070779436454
1589541106.6131344,-38.6849599409241,16.816557358889675,40.39116501193918,0.4279382611028944,-0.17238113761833054,-0.10972335456916946,0.8804217385891778
1589541106.6231344,-39.853955936241285,16.764576151287034,39.85905492019605,0.42758350468161116,-0.17220435214402088,-0.10958228183152088,0.8806256049841492
1589541106.6331344,-41.03941039876802,16.711863092588008,39.319453171910126,0.4271825022580261,-0.17190013847499255,-0.10930576297320896,0.8808952716812575
1589541106.6431344,-42.241323328504315,16.658418182792598,38.7723597670814,0.42660921019195647,-0.17131507740496107,-0.10894245081185554,0.8813529593443945
1589541106.6531343,-43.459694725450184,16.604241421900806,38.21777470570986,0.4263115883516029,-0.17080757968644733,-0.10868463522660285,0.8816107749296471
1589541106.6631343,-44.694524589605614,16.549332809912627,37.65569798779551,0.4257300396962273,-0.169715486022691,-0.10803377432471822,0.8821923235850228
1589541106.6731343,-45.94581292097062,16.493692346828066,37.08612961333836,0.42549120959938547,-0.16898046384358012,-0.10767089620730914,0.8825024436364408
1589541106.6831343,-47.213559719545174,16.43732003264712,36.5090695823384,0.425278880113473,-0.16825865529066214,-0.10723758767718918,0.8827995932175338
1589541106.6931343,-48.49776498532928,16.380215867369788,35.92451789479564,0.42505546550625944,-0.16759027428283846,-0.1067060465781486,0.8830788614765507
1589541106.7031343,-49.79842871832298,16.322379850996075,35.33247455071007,0.4247687751472705,-0.16685716972844927,-0.10606831201329106,0.8834293252920253
1589541106.7131343,-51.115550918526225,16.263811983525976,34.732939550081696,0.4243928344368585,-0.165893912664956,-0.105468928988728,0.8838728292247068
1589541106.7231343,-52.44913158593905,16.204512264959494,34.125912892910506,0.42408641584978324,-0.16508806011568647,-0.1049477340433165,0.8842359494177601
1589541106.7331343,-53.799170720561435,16.144480695296625,33.51139457919651,0.4237886182995279,-0.16424915567983367,-0.10441676974799463,0.8845933064780666
1589541106.7431343,-55.16566832239337,16.083717274537374,32.889384608939714,0.42344628774805626,-0.16344928606335452,-0.10384632866184648,0.8849643567831937
1589541106.7531343,-56.548624391434885,16.022222002681737,32.25988298214011,0.42301648907777467,-0.16269781525919635,-0.10322814493905902,0.8853941554534753
1589541106.7631342,-57.94803892768597,15.959994879729717,31.622889698797703,0.4224639013898372,-0.1617998602662979,-0.1025400860907136,0.885913544291705
1589541106.7731342,-59.3639119311466,15.897035905681314,30.978404758912482,0.42207008953611774,-0.16102240773503598,-0.10206276531736776,0.8862795198388822
1589541106.7831342,-60.79624340181681,15.833345080536525,30.32642816248446,0.4217682224857506,-0.1602723120226017,-0.10174260132380085,0.8865905353608493
1589541106.7931342,-62.24503333969657,15.768922404295353,29.666959909513633,0.42141832617381925,-0.15940115781561082,-0.10121656133162465,0.8869923183574308
1589541106.8031342,-63.71028174478591,15.703767876957794,28.999999999999993,0.42121923471931527,-0.15908261148840447,-0.10085819671351752,0.8871914098119347
1589541106.8131342,-65.1919886170848,15.637881498523855,28.32554843394355,0.42081194277830763,-0.15834542736323048,-0.10038074447426269,0.8875664981705899
1589541106.8231342,-66.69015395659326,15.57126326899353,27.643605211344312,0.4207465276914254,-0.1572726798511412,-0.1002197265625,0.8878200951407016
1589541106.8331342,-68.20477776331128,15.50391318836682,26.954170332202256,0.42086555989583335,-0.15621484375,-0.10010823567708334,0.8879617513020833
1589541106.8431342,-69.73586003723888,15.435831256643727,26.257243796517393,0.42109010165795346,-0.155517578125,-0.09989715231988663,0.8879656913585232
1589541106.8531342,-71.28340077837603,15.367017473824248,25.552825604289723,0.42147415913480957,-0.1554477412258968,-0.09990007355773546,0.8877853021032791
1589541106.8631341,-72.84739998672275,15.297471839908386,24.840915755519248,0.42217748158634194,-0.15533447265625,-0.10002751690072742,0.8874784844540677
1589541106.8731341,-74.42785766227904,15.227194354896142,24.12151425020597,0.423286870421567,-0.15526171813974213,-0.10020678802476182,0.8869770483402185
1589541106.8831341,-76.0247738050449,15.15618501878751,23.39462108834988,0.4243669461588213,-0.15511798927641837,-0.1004066458085255,0.8864650749318113
1589541106.893134,-77.6381484150203,15.084443831582496,22.660236269950985,0.42568647976140445,-0.15433061008234558,-0.10047499614427469,0.885944855696111
1589541106.903134,-79.26798149220528,15.011970793281098,21.918359795009287,0.4276034127483862,-0.15262700307292526,-0.10037616628405482,0.8853001282211578
1589541106.913134,-80.91427303659981,14.938765903883313,21.16899166352478,0.430073486328125,-0.15098967633928573,-0.10046575055803571,0.8843918805803571
1589541106.923134,-82.57702304820393,14.864829163389146,20.412131875497465,0.4327012010482336,-0.14961413193587242,-0.10069975015245697,0.8833420695502151
1589541106.933134,-84.25623152701759,14.790160571798594,19.64778043092734,0.4359230618883121,-0.1482391139542926,-0.10098648615986434,0.8819396711201511
1589541106.943134,-85.95189847304083,14.714760129111658,18.87593732981442,0.43898518098172545,-0.14711541922949178,-0.10126111670131148,0.8805710994031803
1589541106.953134,-87.66402388627364,14.63862783532834,18.09660257215868,0.44244397302242094,-0.14599042501879111,-0.10158504955866457,0.8789982124455569
1589541106.963134,-89.392607766716,14.561763690448634,17.309776157960144,0.4472063802593514,-0.14491781555547256,-0.10215064913359062,0.8766775715890743
1589541106.973134,-91.13765011436793,14.484167694472546,16.515458087218796,0.4511289261244268,-0.14445776571086782,-0.10263222330011147,0.8746759428229219
1589541106.983134,-92.89915092922942,14.405839847400074,15.713648359934645,0.4548108758466486,-0.14415285553469082,-0.10307309073788648,0.8727585984659927
1589541106.993134,-94.67711021130047,14.326780149231217,14.90434697610769,0.45922323256420156,-0.14371251103933935,-0.1036882591713213,0.8704572676060124
1589541107.003134,-96.47152796058108,14.246988599965976,14.087553935737922,0.4639129886728487,-0.14321531959534517,-0.10433496591186192,0.8679973618418602
1589541107.013134,-98.28240417707129,14.16646519960435,13.263269238825352,0.46881053515269444,-0.14240758443541524,-0.10478633773988319,0.8654161911077294
1589541107.023134,-100.10973886077103,14.08520994814634,12.431492885369977,0.47428042308493806,-0.14191669705688056,-0.10553299694999206,0.8624007400681591
1589541107.033134,-101.95353201168035,14.003222845591946,11.592224875371784,0.4783283469974136,-0.14156780306473077,-0.1060539870796154,0.8601604825107787
1589541107.043134,-103.81378362979923,13.92050389194117,10.745465208830794,0.4833325892532271,-0.14105301618823365,-0.1066483137990512,0.8573838160519859
1589541107.053134,-105.69049371512767,13.837053087194008,9.891213885747,0.4877731953404119,-0.14033329231305636,-0.10704893001534682,0.8549439821893545
1589541107.063134,-107.58366226766567,13.75287043135046,9.029470906120395,0.4926148437183074,-0.13961289791656403,-0.10743645784511623,0.8522329203771167
1589541107.073134,-109.49328928741326,13.667955924410531,8.160236269950978,0.4963946538451204,-0.13915306084748497,-0.10777140623110691,0.8500724694078992
1589541107.083134,-111.41937477437038,13.582309566374215,7.283509977238765,0.5000717063619561,-0.13867973850441698,-0.10814175279020814,0.8479490693078346
1589541107.093134,-113.36191872853709,13.495931357241517,6.399292027983748,0.503225589168898,-0.1382610469593565,-0.10839777506340344,0.8461205774066092
1589541107.103134,-115.32092114991336,13.408821297012434,5.507582422185912,0.5052229401028061,-0.138011378092618,-0.108540442987254,0.844943567034842
1589541107.113134,-117.2963820384992,13.320979385686964,4.608381159845273,0.5092035012429618,-0.13761071710463588,-0.1090480561276902,0.8425535419349349
1589541107.123134,-119.28830139429459,13.232405623265114,3.701688240961829,0.5124439343772695,-0.13736851288087615,-0.10939662383787387,0.8405478344117259
1589541107.133134,-121.29667921729953,13.143100009746878,2.7875036655355814,0.5146842581751492,-0.1371146411845159,-0.10963509718998674,0.8391998106453084
1589541107.1431339,-123.32151550751408,13.053062545132258,1.8658274335665297,0.5167970611109554,-0.1367834560579992,-0.10987475410090017,0.8379663437632467
1589541107.1531339,-125.36281026493818,12.962293229421253,0.9366595450546598,0.5191531025238291,-0.13648595588736523,-0.10994916072819239,0.8365278998612871
1589541107.1631339,-127.42056348957179,12.870792062613866,0.0,0.5208638687313074,-0.13665402222331632,-0.10992523956135841,0.8354256248351881
1589541107.1731339,-127.42056348957179,12.870792062613866,0.0,0.5183518357986924,-0.13674794827079542,-0.11017109564590917,0.836923254273921
1589541107.1831338,-127.42056348957179,12.870792062613866,0.0,0.5147998513518269,-0.13513994770345725,-0.11219797629000411,0.8390376559519824
1589541107.1931338,-127.42056348957179,12.870792062613866,0.0,0.5632926884138056,-0.11840487616253574,-0.13141312735620234,0.8066078776886609
1589541107.2031338,-127.42056348957179,12.870792062613866,0.0,0.6013572625203166,-0.10868100474795667,-0.14434939890628587,0.7780147145059236
1589541107.2131338,-127.42056348957179,12.870792062613866,0.0,0.6320756235116929,-0.10563759170694827,-0.14660246520345696,0.7533211903328886
1589541107.2231338,-127.42056348957179,12.870792062613866,0.0,0.6536014016011696,-0.1071779726901437,-0.1403367686661901,0.7358948054809209
1589541107.2331338,-127.42056348957179,12.870792062613866,0.0,0.6825543655846378,-0.10896551114855649,-0.13156071863571875,0.710490956239057
1589541107.2431338,-127.42056348957179,12.870792062613866,0.0,0.6943896442215916,-0.10777961459640265,-0.13714900322221885,0.6981407454959342
1589541107.2531338,-127.42056348957179,12.870792062613866,0.0,0.7054961439570807,-0.10859968523802166,-0.13873010467705757,0.6864637117378671
1589541107.2631338,-127.42056348957179,12.870792062613866,0.0,0.7123952325525197,-0.10634599172634199,-0.13770902358098258,0.6798369924744652
1589541107.2731338,-127.42056348957179,12.870792062613866,0.0,0.71764472872476,-0.10461204499158666,-0.13628597185396665,0.6748619243444707
1589541107.2831337,-127.42056348957179,12.870792062613866,0.0,0.71875,-0.10498046875,-0.13720703125,0.6734619140625
1589541107.2931337,-127.42056348957179,12.870792062613866,0.0,0.7149327174082861,-0.10603060071094522,-0.1361516548662235,0.6775718381307686
1589541107.3031337,-127.42056348957179,12.870792062613866,0.0,0.710006528361661,-0.1056153326289616,-0.13545417034027313,0.682937807575839
1589541107.3131337,-127.42056348957179,12.870792062613866,0.0,0.7035837865775355,-0.1065865306067655,-0.13552423540211866,0.6893832175206567
1589541107.3231337,-127.42056348957179,12.870792062613866,0.0,0.6991578680167961,-0.10747260797811689,-0.13451445906742576,0.6939143140617731
1589541107.3331337,-127.42056348957179,12.870792062613866,0.0,0.6926753054640331,-0.10830550317655065,-0.13346793713515032,0.7004680855258166
1589541107.3431337,-127.42056348957179,12.870792062613866,0.0,0.6868001268693064,-0.10897023277703195,-0.1334317396912218,0.7061128420686898
1589541107.3531337,-127.42056348957179,12.870792062613866,0.0,0.6804650279594638,-0.10995297726538643,-0.13247919385075316,0.7122816068341482
1589541107.3631337,-127.42056348957179,12.870792062613866,0.0,0.6736580012130489,-0.11080241346022955,-0.1315199468157453,0.7187409684391414
1589541107.3731337,-127.42056348957179,12.870792062613866,0.0,0.6691442853730581,-0.11133343885316964,-0.13117857334885524,0.7229512411974521
1589541107.3831336,-127.42056348957179,12.870792062613866,0.0,0.6595821613691629,-0.11265110678197963,-0.12997567209494443,0.7316850146320315
1589541107.3931336,-127.42056348957179,12.870792062613866,0.0,0.6521312300453298,-0.11358247319745877,-0.12915387819893343,0.7383141520598536
1589541107.4031336,-127.42056348957179,12.870792062613866,0.0,0.6426161550512787,-0.11473104871518743,-0.12814316804404172,0.7466402364380895
1589541107.4131336,-127.42056348957179,12.870792062613866,0.0,0.6367181498559091,-0.1152049955612439,-0.12782720348000406,0.751643008702019
1589541107.4231336,-127.42056348957179,12.870792062613866,0.0,0.6337750879838788,-0.11599237088709764,-0.12669705355091204,0.7542076697252951
1589541107.4331336,-127.42056348957179,12.870792062613866,0.0,0.632919912692466,-0.11594360810689204,-0.12635316548349715,0.7549816940443921
1589541107.4431336,-127.42056348957179,12.870792062613866,0.0,0.6327350829895989,-0.11601145017709888,-0.12672985848950563,0.75506591796875
1589541107.4531336,-127.42056348957179,12.870792062613866,0.0,0.6327049044281127,-0.115966796875,-0.1268952260375494,0.75506591796875
1589541107.4631336,-127.42056348957179,12.870792062613866,0.0,0.6327281705942973,-0.115966796875,-0.12675557287390532,0.75506591796875
1589541107.4731336,-127.42056348957179,12.870792062613866,0.0,0.6326904296875,-0.115966796875,-0.1268310546875,0.75506591796875
1589541107.4831336,-127.42056348957179,12.870792062613866,0.0,0.6327090162082676,-0.11594821035423239,-0.1268124681667324,0.75506591796875
1589541107.4931335,-127.42056348957179,12.870792062613866,0.0,0.63275146484375,-0.11590576171875,-0.12677001953125,0.75506591796875
1589541107.5031335,-127.42056348957179,12.870792062613866,0.0,0.63275146484375,-0.11590576171875,-0.12677001953125,0.75506591796875
1589541107.5131335,-127.42056348957179,12.870792062613866,0.0,0.6325257729043099,-0.11709064440081085,-0.12750351833443052,0.75495307199903
1589541107.5231335,-127.42056348957179,12.870792062613866,0.0,0.6323486164576738,-0.11813974656645723,-0.12814540501977942,0.7548380424821992
1589541107.5331335,-127.42056348957179,12.870792062613866,0.0,0.6321116166413022,-0.11955191325137082,-0.12907543950272524,0.7546702103913022
1589541107.5431335,-127.42056348957179,12.870792062613866,0.0,0.6319815927243994,-0.1202887154471534,-0.1295521938647022,0.7545401864743994
1589541107.5531335,-127.42056348957179,12.870792062613866,0.0,0.6317709306652184,-0.12154217837925194,-0.1303246214150326,0.7543918834643123
1589541107.5631335,-127.42056348957179,12.870792062613866,0.0,0.6315613948517899,-0.12264956870980082,-0.1310827853898672,0.7542521929220266
1589541107.5731335,-127.42056348957179,12.870792062613866,0.0,0.6313865447355959,-0.12356811263207897,-0.13169145689294362,0.7541282439543459
1589541107.5831335,-127.42056348957179,12.870792062613866,0.0,0.6312916333421917,-0.1242324923859081,-0.13211855816326235,0.7540333325609417
1589541107.5931334,-127.42056348957179,12.870792062613866,0.0,0.6310901447673322,-0.12520229545850706,-0.13274391311817138,0.7539539142985822
1589541107.6031334,-127.42056348957179,12.870792062613866,0.0,0.6309958903331873,-0.12576782206337672,-0.13312093085475116,0.7538596598644373
1589541107.6131334,-127.42056348957179,12.870792062613866,0.0,0.630848613481273,-0.12671251833111202,-0.13371003826240802,0.7537177637718865
1589541107.6231334,-127.42056348957179,12.870792062613866,0.0,0.630734649270407,-0.12739497588776114,-0.13416456739732527,0.753659453957907
1589541107.6331334,-127.42056348957179,12.870792062613866,0.0,0.6306021741303345,-0.12811705903582776,-0.13462170026524664,0.7535335089401672
1589541107.6431334,-127.42056348957179,12.870792062613866,0.0,0.6305044773509503,-0.12860554293274873,-0.13491479060339923,0.7534846605504751
1589541107.6531334,-127.42056348957179,12.870792062613866,0.0,0.6304152463053293,-0.12901273928226817,-0.13522144261884747,0.7534400450276646
1589541107.6631334,-127.42056348957179,12.870792062613866,0.0,0.6302778773922681,-0.12967750756990942,-0.13565562563569564,0.7533247523922681
1589541107.6731334,-127.42056348957179,12.870792062613866,0.0,0.6302052974392695,-0.13021531132782516,-0.13600454348938343,0.7532521724392695
1589541107.6831334,-127.42056348957179,12.870792062613866,0.0,0.6300634944901934,-0.13093979798470262,-0.1364867267677829,0.7531714046464434
1589541107.6931334,-127.42056348957179,12.870792062613866,0.0,0.6300181968248197,-0.13130217930769209,-0.1367132150946513,0.7531261069810697
1589541107.7031333,-127.42056348957179,12.870792062613866,0.0,0.6299016381372269,-0.1318216701073424,-0.13703789684443274,0.7530095482934769
1589541107.7131333,-127.42056348957179,12.870792062613866,0.0,0.6298390721541645,-0.13220315507709848,-0.13730366266667748,0.7529469823104145
1589541107.7231333,-127.42056348957179,12.870792062613866,0.0,0.6297621094236129,-0.13274189419096014,-0.13768847631943582,0.7528700195798629
1589541107.7331333,-127.42056348957179,12.870792062613866,0.0,0.6296605317390089,-0.13315230663771424,-0.13794583862122764,0.7528185471195045
1589541107.7431333,-127.42056348957179,12.870792062613866,0.0,0.6295738953109075,-0.13369318204239802,-0.1382633359454629,0.7527428406234075
1589541107.7531333,-127.42056348957179,12.870792062613866,0.0,0.6295277134777287,-0.13401645487464878,-0.13849424511135627,0.7526966587902287
1589541107.7631333,-127.42056348957179,12.870792062613866,0.0,0.6293857499747796,-0.13452191814529305,-0.13883785168860216,0.7526157304435296
1589541107.7731333,-127.42056348957179,12.870792062613866,0.0,0.6293247874670949,-0.13493994707243107,-0.1391339556003707,0.7525634765625
1589541107.7831333,-127.42056348957179,12.870792062613866,0.0,0.6292675114822773,-0.13528360298133618,-0.1393630595396408,0.7525585271072773
